Date,Close,High,Low,Open,Volume,Target,Negative,Neutral,Positive
2024-05-08,180.3500061035156,181.6600036621093,175.9499969482422,175.9499969482422,4956800.0,1,0.0,1.0,0.0
2024-05-09,181.25,181.75,179.30999755859375,179.5500030517578,5107400.0,0,0.2338067863851388,0.7275566755030396,0.0386365219863747
2024-05-10,178.50999450683594,181.8800048828125,177.9199981689453,181.25,3715500.0,0,0.0994249513891259,0.6708600404683314,0.229715017311984
2024-05-13,178.44000244140625,180.75,178.07000732421875,179.0399932861328,3105200.0,1,0.1379473300406029,0.7847456345816421,0.0773070429844145
2024-05-14,180.759994506836,183.6600036621093,179.6300048828125,180.22999572753903,4686500.0,0,0.3131913774406206,0.5930347542048408,0.0937738640153776
2024-05-15,176.99000549316406,180.6699981689453,176.1699981689453,180.13999938964844,5858900.0,1,0.2190428363698761,0.7157236933652507,0.0652334643678762
2024-05-16,182.9600067138672,183.759994506836,177.25,177.60000610351562,6993200.0,1,0.1309899427670438,0.6245543804034184,0.2444556779745673
2024-05-17,184.9499969482422,185.3800048828125,181.22000122070312,183.25,5562400.0,1,0.1962606167557209,0.7302044517469886,0.0735349333509203
2024-05-20,186.6100006103516,188.6300048828125,184.009994506836,184.6499938964844,6228600.0,0,0.1644990136449291,0.5203192821458993,0.3151816909603148
2024-05-21,184.77999877929688,186.38999938964844,183.1100006103516,185.3000030517578,4349100.0,1,0.1393815810077189,0.7382282008604697,0.1223902197376116
2024-05-22,186.27999877929688,186.82000732421875,183.4100036621093,184.6000061035156,3785400.0,0,0.1936581530539598,0.7838788239150312,0.0224630136878355
2024-05-23,172.2100067138672,186.0,171.61000061035156,185.7899932861328,17116000.0,1,0.3943032748044106,0.5109073448814888,0.0947893741298775
2024-05-24,174.52000427246094,174.86000061035156,169.57000732421875,173.1999969482422,9485000.0,1,0.1903151258684302,0.6501115414615564,0.1595733297684691
2024-05-28,175.0800018310547,178.49000549316406,173.3800048828125,174.72999572753906,5274400.0,0,0.0,1.0,0.0
2024-05-29,171.64999389648438,175.8300018310547,171.61000061035156,173.61000061035156,3666400.0,1,0.0,1.0,0.0
2024-05-30,172.75,174.67999267578125,171.5500030517578,172.63999938964844,3927900.0,1,0.1666740227564521,0.6531599205842313,0.1801660477333925
2024-05-31,177.61000061035156,177.89999389648438,172.2100067138672,173.1199951171875,5774500.0,1,0.238280809412187,0.7057365056845473,0.0559826793744716
2024-06-03,184.57000732421875,186.009994506836,178.02000427246094,178.08999633789062,8951600.0,1,0.2372773236997839,0.7315840997719902,0.0311385623368503
2024-06-04,188.6199951171875,188.83999633789065,183.25,185.0500030517578,7176800.0,1,0.3016464425559057,0.5542506045976611,0.1441029521986345
2024-06-05,189.8500061035156,190.33999633789065,186.52999877929688,187.8999938964844,5944000.0,1,0.0129552490528696,0.8422643536516955,0.1447804042484138
2024-06-06,191.4199981689453,192.1000061035156,187.3500061035156,188.8300018310547,5942200.0,0,0.1237468354686916,0.7469325253985194,0.1293206488062291
2024-06-07,190.2400054931641,191.97999572753903,189.6600036621093,190.4600067138672,3374500.0,0,0.0454378287166964,0.9535067045891829,0.0010554789994123
2024-06-10,190.1199951171875,192.6300048828125,189.6000061035156,190.0,4388300.0,0,0.1601868045270658,0.676679250988309,0.1631339439394651
2024-06-11,185.5,189.32000732421875,182.75,189.32000732421875,5010100.0,0,0.3043303707551565,0.5607931597985439,0.1348764624831777
2024-06-12,182.6699981689453,187.1600036621093,181.7100067138672,186.5,5245200.0,0,0.128604949720213,0.7389833716519574,0.1324116645152917
2024-06-13,180.6999969482422,183.8699951171875,178.99000549316406,181.7400054931641,4201000.0,0,0.1323812320763369,0.7067738686519006,0.1608448927474765
2024-06-14,177.27000427246094,180.2899932861328,175.22000122070312,178.89999389648438,5106000.0,1,0.1624419838445974,0.7735843924613683,0.0639736171357246
2024-06-17,178.38999938964844,180.4499969482422,176.32000732421875,176.75,4790000.0,0,0.0,1.0,0.0
2024-06-18,174.99000549316406,178.0,173.82000732421875,177.61000061035156,6179900.0,1,0.0,1.0,0.0
2024-06-20,176.3000030517578,176.64999389648438,172.0500030517578,173.02000427246094,5479300.0,1,0.1067770759749227,0.7358504088594817,0.1573725105119296
2024-06-21,176.55999755859375,178.41000366210938,175.66000366210938,176.8300018310547,8635100.0,1,0.158237723135505,0.7937442492001567,0.0480180231420077
2024-06-24,179.10000610351562,180.6000061035156,175.58999633789062,176.14999389648438,7388300.0,0,0.1007108648057643,0.7441066242545444,0.1551825120526286
2024-06-25,175.10000610351562,178.75999450683594,173.2899932861328,176.2899932861328,7695100.0,1,0.1852233995481781,0.7081584466662996,0.1066181486533214
2024-06-26,178.5,178.82000732421875,173.75999450683594,174.9600067138672,6553900.0,1,0.1565550901086606,0.6863612159043471,0.1570836794439099
2024-06-27,182.509994506836,183.67999267578125,178.00999450683594,178.91000366210938,8199000.0,0,0.1201535533101413,0.7151248038811676,0.1647216389752109
2024-06-28,182.009994506836,184.44000244140625,180.6499938964844,182.6000061035156,5899900.0,1,0.1366978630941107,0.8011247060952933,0.0621774231484669
2024-07-01,186.6999969482422,189.47000122070312,182.1999969482422,182.1999969482422,9056700.0,0,0.1495293462326549,0.6898033916473801,0.1606672588381737
2024-07-02,185.4199981689453,189.22999572753903,184.5200042724609,186.33999633789065,4110500.0,0,0.1831524218688253,0.5466254932486271,0.2702220760295127
2024-07-03,184.3099975585937,185.4199981689453,182.8500061035156,185.0500030517578,2764800.0,1,0.137402263865719,0.68808233210762,0.1745154058219465
2024-07-05,184.8300018310547,185.3800048828125,182.22999572753903,184.0,3290400.0,1,0.00302681440495,0.7597373202774179,0.2372358418280782
2024-07-08,185.83999633789065,191.5,182.27999877929688,186.94000244140625,9878100.0,0,0.2497130458538414,0.6974285684608418,0.0528583914152079
2024-07-09,183.2400054931641,186.25,183.1499938964844,185.1100006103516,3942900.0,1,0.1786468299199579,0.6877258086353886,0.13362736147445
2024-07-10,183.72999572753903,184.8999938964844,182.8000030517578,183.6000061035156,3583200.0,1,0.0375721057579953,0.6778496887907548,0.2845782273910673
2024-07-11,183.9100036621093,186.1000061035156,183.3999938964844,184.1699981689453,4840600.0,0,0.1255609703969846,0.8508801186653727,0.0235589246366032
2024-07-12,182.3099975585937,184.4900054931641,180.4499969482422,183.72999572753903,5129300.0,0,0.165869837808763,0.4939028883638299,0.3402272762166022
2024-07-15,179.11000061035156,183.72000122070312,178.8800048828125,183.5,5189000.0,1,0.0782039095598213,0.7380498225063823,0.1837462623163126
2024-07-16,186.0500030517578,187.44000244140625,179.1999969482422,180.0500030517578,8546400.0,0,0.1182508167965772,0.6513135528418502,0.2304356199752457
2024-07-17,184.83999633789065,188.4499969482422,183.7899932861328,185.32000732421875,4899600.0,0,0.0,1.0,0.0
2024-07-18,180.22999572753903,187.3699951171875,179.8800048828125,184.2400054931641,5354800.0,0,0.0,1.0,0.0
2024-07-19,179.6699981689453,181.5,177.38999938964844,181.3999938964844,5121300.0,0,0.253385122131655,0.3470717163053627,0.3995431741383439
2024-07-22,178.89999389648438,182.72000122070312,177.22999572753906,181.3600006103516,4883500.0,1,0.1386166796838397,0.570099476385274,0.291283841326393
2024-07-23,186.47999572753903,187.0399932861328,179.0,179.10000610351562,7614300.0,0,0.1301016358083328,0.4475098735583929,0.4223884772613286
2024-07-24,180.07000732421875,187.0,179.97000122070312,185.6199951171875,5109100.0,1,0.096260887395164,0.7293280054556105,0.1744111018024708
2024-07-25,184.3500061035156,188.3500061035156,179.4499969482422,179.4499969482422,6128000.0,1,0.1225480382482624,0.7416528015769486,0.1357991618262422
2024-07-26,186.88999938964844,189.58999633789065,184.6300048828125,185.8600006103516,6272000.0,0,0.1586437942364043,0.7708397198911472,0.070516474213726
2024-07-29,185.42999267578125,187.0800018310547,183.8300018310547,186.6999969482422,3608600.0,1,0.1364752237595161,0.6562322361356059,0.2072925384848707
2024-07-30,186.8600006103516,188.1300048828125,185.1499938964844,186.1000061035156,4789000.0,1,0.2678465418256853,0.5776245955959364,0.1545288676331324
2024-07-31,190.6000061035156,196.9499969482422,183.8600006103516,189.8800048828125,15417000.0,0,0.1681557744069985,0.6570080476351609,0.1748361719478257
2024-08-01,178.30999755859375,191.1699981689453,176.69000244140625,190.0,13887000.0,0,0.1732808998745548,0.6812640074383305,0.1454550920851515
2024-08-02,169.9499969482422,175.4600067138672,167.25,175.22000122070312,11742800.0,0,0.1465379594169634,0.7653777642006085,0.0880842553221175
2024-08-05,167.02999877929688,167.67999267578125,162.5,162.52000427246094,9255100.0,0,0.2465691880146508,0.654844008823422,0.0985867950754178
2024-08-06,165.0399932861328,169.19000244140625,163.38999938964844,168.88999938964844,5817300.0,0,0.1565497388732623,0.8316433944401069,0.0118068769683177
2024-08-07,163.24000549316406,167.97999572753906,162.99000549316406,167.0,5186400.0,1,0.1396576387840943,0.7269073364197323,0.1334350258669925
2024-08-08,168.8699951171875,169.35000610351562,164.0,164.22999572753906,6063800.0,0,0.1033525537715124,0.8336966740630019,0.0629507700273534
2024-08-09,167.91000366210938,169.85000610351562,166.89999389648438,168.38999938964844,3635600.0,0,0.36436003507804,0.5125527140210882,0.1230872615062092
2024-08-12,164.1300048828125,168.0500030517578,163.52000427246094,167.72999572753906,4715600.0,1,0.1520536771353135,0.5792270979644465,0.2687192156886989
2024-08-13,168.75999450683594,168.8800048828125,162.6199951171875,164.5,6475500.0,0,0.1923141862096039,0.5887520663408783,0.2189337482061551
2024-08-14,168.5,169.75,167.3300018310547,167.88999938964844,3852700.0,1,0.1683917686950355,0.5756973311504708,0.2559109087250931
2024-08-15,176.41000366210938,176.55999755859375,169.97999572753906,170.0,5942200.0,1,0.271632745104777,0.6125035645860004,0.1158636799612324
2024-08-16,179.99000549316406,180.509994506836,176.3000030517578,176.3000030517578,6731500.0,0,0.0002907473525286,0.9670350547526884,0.0326742110645343
2024-08-19,179.63999938964844,180.6999969482422,177.6300048828125,180.0399932861328,3894200.0,0,0.1384873195652461,0.7348739659713371,0.1266387080827697
2024-08-20,172.10000610351562,177.5,170.0399932861328,176.49000549316406,9549100.0,1,0.1725355471349129,0.6467594065054482,0.1807050485788703
2024-08-21,173.42999267578125,174.1999969482422,171.0399932861328,173.0,4493600.0,0,0.2048290401228084,0.7438249183552605,0.051346038882695
2024-08-22,172.75999450683594,175.2100067138672,172.3000030517578,173.0,2788000.0,1,0.0385879858852621,0.8031775803916389,0.158234421285374
2024-08-23,174.9600067138672,176.9199981689453,173.1699981689453,173.8800048828125,4405900.0,0,0.129922737915128,0.846797698487838,0.02327958228913
2024-08-26,173.47999572753906,174.9199981689453,172.3000030517578,173.0,4034300.0,0,0.1620398868762618,0.665099539268942,0.1728605739938683
2024-08-27,173.0500030517578,173.92999267578125,171.25,173.6199951171875,3295800.0,0,0.1730543296106155,0.6986046876911678,0.1283409738547438
2024-08-28,170.7100067138672,174.25,170.14999389648438,172.3000030517578,4550300.0,1,0.2385007958254732,0.6612479175626806,0.1002512822692551
2024-08-29,172.25999450683594,175.27999877929688,170.6199951171875,171.7100067138672,4119500.0,1,0.1313081118961008,0.6378827621383607,0.2308091252050871
2024-08-30,173.74000549316406,174.36000061035156,171.49000549316406,173.13999938964844,4146200.0,0,0.0096179003276891,0.8618327734725817,0.1285493202072075
2024-09-03,161.02000427246094,169.60000610351562,158.3000030517578,167.02999877929688,17925400.0,1,0.3720255274278501,0.5734475706450867,0.0545268936815365
2024-09-04,163.22000122070312,166.6999969482422,160.27999877929688,160.27999877929688,7316300.0,0,0.0601872154991347,0.6001130466313105,0.3396997352476598
2024-09-05,162.14999389648438,164.6199951171875,160.10000610351562,164.14999389648438,4717500.0,0,0.0,1.0,0.0
2024-09-06,157.6199951171875,162.85000610351562,156.6999969482422,162.5,7328600.0,1,0.0,1.0,0.0
2024-09-09,162.91000366210938,164.5500030517578,161.11000061035156,162.3000030517578,9091500.0,0,0.1880399409415766,0.6906074929256174,0.1213525646827046
2024-09-10,160.07000732421875,163.89999389648438,157.92999267578125,162.61000061035156,6367100.0,1,0.1119947522167356,0.7493778223292094,0.1386274218979875
2024-09-11,161.3300018310547,161.8699951171875,156.10000610351562,159.7899932861328,6664800.0,1,0.2266393010516933,0.5680437164856316,0.2053169867151816
2024-09-12,162.77000427246094,163.5,159.05999755859375,159.4199981689453,4756400.0,0,0.2297215084999324,0.7276105072537749,0.0426679838662781
2024-09-13,156.77000427246094,162.88999938964844,155.60000610351562,159.77999877929688,19003400.0,0,0.2275332197556899,0.6736227495198073,0.0988440314066761
2024-09-16,155.5500030517578,157.75999450683594,154.02000427246094,156.25,9955200.0,1,0.3368015146484836,0.5863476274189633,0.0768508512832551
2024-09-17,156.38999938964844,158.8800048828125,155.13999938964844,156.1699981689453,8123200.0,0,0.1552349347976661,0.7652406018608107,0.0795244638518704
2024-09-18,155.11000061035156,158.4499969482422,154.8000030517578,157.0,7714400.0,0,0.1436865842264691,0.710538249637964,0.1457751654855883
2024-09-19,154.58999633789062,157.17999267578125,154.27000427246094,157.0,9570000.0,0,0.203491834753661,0.7613728383865435,0.0351353340027616
2024-09-20,153.2899932861328,154.63999938964844,152.60000610351562,154.00999450683594,13919400.0,1,0.0643528078385705,0.8710971250605477,0.0645500731452386
2024-09-23,156.3000030517578,158.42999267578125,151.64999389648438,153.0,12476800.0,0,0.1250064835373109,0.6062159960169415,0.2687775192626704
2024-09-24,155.80999755859375,155.89999389648438,153.69000244140625,155.8000030517578,7414900.0,0,0.1950567356734555,0.6640120479739607,0.1409312200891265
2024-09-25,152.22000122070312,157.22000122070312,152.0399932861328,156.4199981689453,9587700.0,1,0.2001690938138601,0.6461659061094907,0.1536649847473881
2024-09-26,154.5800018310547,157.3300018310547,152.66000366210938,153.94000244140625,11414400.0,1,0.1941804637721885,0.7407349160884249,0.0650846189318342
2024-09-27,156.32000732421875,157.3300018310547,154.38999938964844,155.3699951171875,7637000.0,0,0.1369395992942846,0.7411516086281713,0.1219087859299703
2024-09-30,152.0399932861328,155.3000030517578,151.24000549316406,154.7899932861328,10902200.0,1,0.2306889652940862,0.6435013347989096,0.1258096895659375
2024-10-01,154.22000122070312,156.39999389648438,149.49000549316406,151.4600067138672,12588800.0,0,0.1605090288954251,0.7738117735458548,0.0656791935282709
2024-10-02,152.88999938964844,154.85000610351562,152.83999633789062,153.75999450683594,4357000.0,0,0.1867926755345009,0.7044979924083603,0.1087093382776502
2024-10-03,150.52000427246094,152.74000549316406,150.50999450683594,152.1199951171875,5704800.0,1,0.1918506811332155,0.6723439428632576,0.1358053834442378
2024-10-04,155.0,155.0,150.85000610351562,152.25999450683594,6657500.0,1,0.2303693484047582,0.660238424942595,0.1093922287036366
2024-10-07,155.91000366210938,158.75999450683594,154.67999267578125,155.0,6267900.0,0,0.0,1.0,0.0
2024-10-08,154.64999389648438,156.6999969482422,154.13999938964844,155.99000549316406,5336300.0,0,0.2996719778632427,0.5579294748316183,0.1423985566257648
2024-10-09,149.3699951171875,152.19000244140625,148.8000030517578,152.0500030517578,12488500.0,0,0.2901977296790449,0.5911401452140129,0.1186621302919347
2024-10-10,146.6199951171875,149.11000061035156,146.25999450683594,149.07000732421875,11275800.0,1,0.1776987333071683,0.7440337734999952,0.0782674940902048
2024-10-11,151.02000427246094,151.1199951171875,146.3000030517578,146.3000030517578,10688600.0,0,0.2970361723225813,0.6113917599010263,0.0915720682247476
2024-10-14,148.99000549316406,150.08999633789062,146.02000427246094,148.0,9737000.0,1,0.2908729534772709,0.6028482875782759,0.106278752455452
2024-10-15,152.35000610351562,153.9499969482422,148.5500030517578,150.5,11241700.0,1,0.0,1.0,0.0
2024-10-16,154.89999389648438,154.99000549316406,151.33999633789062,151.91000366210938,8356200.0,1,0.0,1.0,0.0
2024-10-17,155.30999755859375,157.13999938964844,154.25,155.0,6291800.0,0,0.0,1.0,0.0
2024-10-18,155.0,156.3699951171875,153.89999389648438,155.83999633789062,6030200.0,1,0.0,1.0,0.0
2024-10-21,159.82000732421875,163.44000244140625,158.36000061035156,160.25,13277600.0,1,0.2124956311198685,0.6073779364973397,0.1801264334326122
2024-10-22,159.8800048828125,160.66000366210938,158.3699951171875,160.5,7380800.0,0,0.1874419286934154,0.7525088492608609,0.0600492254217477
2024-10-23,157.05999755859375,161.47000122070312,153.52999877929688,160.0,15931500.0,0,0.3312972604546969,0.5013366783813086,0.1673660648472247
2024-10-24,155.1999969482422,155.88999938964844,151.97999572753906,152.61000061035156,9774400.0,0,0.3514633456389467,0.5070838452553653,0.1414528133360699
2024-10-25,155.00999450683594,157.47999572753906,154.52000427246094,156.1999969482422,8153000.0,0,0.0,1.0,0.0
2024-10-28,150.69000244140625,155.1999969482422,150.61000061035156,153.5,20992500.0,1,0.0,1.0,0.0
2024-10-29,152.97999572753906,155.99000549316406,147.5800018310547,147.86000061035156,66387700.0,1,0.2693407167107533,0.6291131165156951,0.1015461662892212
2024-10-30,154.2899932861328,156.91000366210938,152.50999450683594,152.50999450683594,50738400.0,0,0.2309068193969307,0.6310788595523229,0.1380143156315712
2024-10-31,149.30999755859375,154.47999572753906,147.8800048828125,154.30999755859375,29388200.0,1,0.2572823917740882,0.5236780884743878,0.2190395189838472
2024-11-01,154.58999633789062,156.0,151.22999572753906,152.77999877929688,18894500.0,1,0.3493332563776943,0.5116145926042173,0.1390521415486724
2024-11-04,155.07000732421875,156.72000122070312,152.4600067138672,154.6199951171875,10290400.0,0,0.228539567538052,0.7025941850591161,0.0688662491661994
2024-11-05,151.0,157.66000366210938,150.64999389648438,157.47000122070312,23126600.0,0,0.2316828473586216,0.607528351573207,0.160788799707537
2024-11-06,147.16000366210938,153.1999969482422,144.1300048828125,152.3000030517578,28069300.0,1,0.1400761469226691,0.455625646277688,0.4042981965796405
2024-11-07,150.97999572753906,152.8000030517578,148.02999877929688,148.8000030517578,14709200.0,1,0.2094796763346009,0.4484413957610907,0.3420789198206774
2024-11-08,151.67999267578125,152.60000610351562,149.42999267578125,151.1199951171875,12996800.0,0,0.1730506446519388,0.7458920533575224,0.0810572970275415
2024-11-11,148.9600067138672,152.5,148.07000732421875,152.0,12799100.0,0,0.1340962802050277,0.6924674027183452,0.1734363184066548
2024-11-12,145.1699981689453,148.5,143.85000610351562,148.39999389648438,16746700.0,0,0.4527943853068815,0.4924724059979807,0.0547332026313423
2024-11-13,139.97000122070312,145.5800018310547,139.10000610351562,145.5800018310547,21249600.0,0,0.1294719633650167,0.7326875463116569,0.1378404847865415
2024-11-14,138.13999938964844,141.5500030517578,137.22000122070312,140.8000030517578,15646700.0,1,0.2017959113099416,0.7362483757721445,0.0619557067991914
2024-11-15,140.19000244140625,140.32000732421875,137.02999877929688,138.13999938964844,12120100.0,1,0.3021606295192549,0.5125261527916605,0.1853132278286295
2024-11-18,143.8699951171875,144.69000244140625,138.1999969482422,140.25999450683594,12259900.0,1,0.0564326954360043,0.8073342553679093,0.1362330501118429
2024-11-19,145.60000610351562,145.99000549316406,142.69000244140625,143.0,8247300.0,1,0.1362518471530817,0.6432512338876275,0.220496919672207
2024-11-20,146.0800018310547,147.3000030517578,145.02000427246094,146.0399932861328,9232100.0,0,0.1154806994818933,0.7282643053680659,0.1562550054019822
2024-11-21,143.41000366210938,146.4199981689453,141.33999633789062,146.38999938964844,7845100.0,1,0.2549955005007298,0.5684012812283754,0.1766032130795338
2024-11-22,149.2899932861328,150.33999633789062,143.49000549316406,143.61000061035156,13353100.0,1,0.1143116476991589,0.6760042177007252,0.209684146676744
2024-11-25,153.10000610351562,153.27999877929688,150.25999450683594,150.6999969482422,11479400.0,0,0.0010551315819827,0.7965999971958289,0.202344865972561
2024-11-26,150.75999450683594,153.13999938964844,149.8000030517578,152.5,8235000.0,1,0.275606179735961,0.5894483206786845,0.1349454925199324
2024-11-27,152.39999389648438,152.91000366210938,150.25,151.11000061035156,5210100.0,1,0.1423602668833322,0.6266230054317868,0.2310167204562854
2024-11-29,155.44000244140625,157.5,152.85000610351562,153.0,7100100.0,1,0.1199797551321779,0.6988499550737157,0.1811702733634124
2024-12-02,156.5399932861328,160.35000610351562,155.6999969482422,155.91000366210938,10097900.0,0,0.1289199630806453,0.5075475985689815,0.3635324180920427
2024-12-03,155.0,156.64999389648438,154.4199981689453,156.0,6130300.0,1,0.213644517922882,0.5502945950767071,0.2360609046822487
2024-12-04,158.27999877929688,160.1999969482422,154.2100067138672,155.8800048828125,9269300.0,0,0.0765809575389434,0.6042083185041863,0.3192107382581945
2024-12-05,156.6699981689453,160.02000427246094,156.0500030517578,158.5,7119800.0,0,0.1626823844364798,0.7865376172852769,0.0507799941276961
2024-12-06,153.92999267578125,158.9499969482422,153.3699951171875,157.02999877929688,8182700.0,1,0.2404387903250281,0.556199525416657,0.2033616901327377
2024-12-09,157.0399932861328,161.9499969482422,154.27000427246094,154.27000427246094,13540000.0,1,0.130967985815398,0.8203151983166621,0.0487168117946855
2024-12-10,164.10000610351562,166.67999267578125,159.4199981689453,160.0,17149200.0,1,0.3183965287863088,0.6034804782417038,0.0781229804591107
2024-12-11,165.9600067138672,169.3000030517578,164.3800048828125,165.52000427246094,13116600.0,1,0.2311354970765045,0.6998864029416438,0.0689781101462471
2024-12-12,167.75,168.82000732421875,165.64999389648438,168.22999572753906,10617700.0,1,0.2026463908346615,0.6370881725796759,0.1602654376841535
2024-12-13,169.64999389648438,170.42999267578125,166.3300018310547,168.0,9754900.0,1,0.1159995809457724,0.6268910358471658,0.2571093768583523
2024-12-16,173.1699981689453,175.1999969482422,166.10000610351562,168.08999633789062,13050700.0,0,0.0900135130138619,0.6190717205029418,0.2909147685243376
2024-12-17,173.02999877929688,175.7899932861328,171.7100067138672,173.0399932861328,13557100.0,0,0.3326075449110537,0.4997260971892198,0.1676663568179416
2024-12-18,172.6199951171875,177.94000244140625,171.0,173.27999877929688,15437200.0,1,0.0953770836691581,0.7196543538289859,0.1849685804113505
2024-12-19,177.0399932861328,179.5800018310547,173.72000122070312,175.0,14777100.0,1,0.3667159094781116,0.4750132074523208,0.1582708778624919
2024-12-20,177.35000610351562,182.0,175.30999755859375,176.86000061035156,23233700.0,1,0.0644311094724643,0.8700173822031098,0.06555151694474
2024-12-23,177.69000244140625,179.64999389648438,174.2899932861328,178.1199951171875,8486400.0,1,0.1805150784560255,0.6634628662983197,0.1560220534525237
2024-12-24,179.33999633789062,180.9499969482422,177.5,177.69000244140625,4317000.0,1,0.0325593549048789,0.7223407857947677,0.2450998500979039
2024-12-26,180.3800048828125,182.57000732421875,178.3300018310547,178.97999572753906,5905700.0,1,0.1502068311150161,0.6285960024255473,0.2211971765992529
2024-12-27,180.72000122070312,181.42999267578125,179.39999389648438,180.00999450683594,6806900.0,0,0.0868974114435658,0.8146179716353998,0.0984846221454062
2024-12-30,176.5500030517578,178.1699981689453,170.14999389648438,173.72000122070312,18082300.0,1,0.3684895620226175,0.5863711643105034,0.0451392657760281
2024-12-31,177.0,179.35000610351562,175.82000732421875,177.5399932861328,9748600.0,0,0.2270363344292655,0.5979906168930655,0.1749730518461597
2025-01-02,171.8699951171875,179.19000244140625,169.82000732421875,178.30999755859375,12450000.0,0,0.2380070070306383,0.6091898700718849,0.1528031256534253
2025-01-03,169.89999389648438,173.97999572753906,169.8000030517578,171.39999389648438,10513800.0,1,0.0918503425211723,0.7145232002893587,0.1936264415989413
2025-01-06,170.77999877929688,173.94000244140625,170.19000244140625,173.5,11133400.0,1,0.1322895658798586,0.7408125914363666,0.1268978482968137
2025-01-07,172.50999450683594,175.02000427246094,170.8000030517578,171.1699981689453,7045000.0,0,0.0136278924821503,0.627025184040071,0.3593469194464281
2025-01-08,171.75999450683594,173.77999877929688,169.61000061035156,171.14999389648438,5108700.0,1,0.7283882066039951,0.2558245747313776,0.0157872207346372
2025-01-10,172.0,173.5399932861328,167.41000366210938,171.49000549316406,7556800.0,0,0.2261588861108094,0.7588033200154314,0.0150377998984367
2025-01-13,170.57000732421875,172.5,167.91000366210938,171.17999267578125,6049600.0,0,0.1272833990908566,0.7158356206577992,0.1568809824175331
2025-01-14,167.02000427246094,171.8800048828125,164.6199951171875,171.3699951171875,7966900.0,0,0.2557791994504423,0.6266259548818454,0.1175948414344247
2025-01-15,166.1999969482422,169.99000549316406,165.97000122070312,169.00999450683594,6451000.0,1,0.3240807445313635,0.5570865932153537,0.1188326816736662
2025-01-16,168.92999267578125,170.63999938964844,166.57000732421875,166.7899932861328,5812300.0,1,0.0088405565184074,0.8390054355065028,0.1521540251172458
2025-01-17,171.08999633789062,171.77000427246094,169.4499969482422,169.8000030517578,9557100.0,1,0.0015194467607149,0.8300080608072069,0.1684724778635123
2025-01-21,175.55999755859375,177.08999633789062,171.92999267578125,172.3800048828125,8755300.0,0,0.1475906395081664,0.688523316850933,0.1638860465006927
2025-01-22,174.8000030517578,176.22999572753906,173.8800048828125,175.2899932861328,5134400.0,1,0.0006649285698766,0.8822663784966218,0.1170686937094354
2025-01-23,178.5,178.6699981689453,173.75,174.00999450683594,7097300.0,0,0.4254056387567693,0.4655147734291981,0.1090795826330577
2025-01-24,176.05999755859375,180.42999267578125,174.3699951171875,176.0,9304200.0,0,0.4773135585269491,0.330641517357473,0.1920449110782555
2025-01-27,175.16000366210938,178.17999267578125,174.39999389648438,175.5500030517578,7148600.0,1,0.0558990822357827,0.3878812709202369,0.5562196362613274
2025-01-28,177.77999877929688,188.47999572753903,174.02000427246094,181.3099975585937,22768900.0,0,0.2158831146851488,0.5087697342016734,0.2753471502184462
2025-01-29,173.66000366210938,182.5500030517578,170.64999389648438,179.1300048828125,12263500.0,1,0.4181391839831901,0.308924909932427,0.2729359197434989
2025-01-30,179.52999877929688,179.94000244140625,173.72000122070312,174.58999633789062,6996300.0,0,0.0250778577449561,0.8691746095816295,0.1057475564248306
2025-01-31,176.52000427246094,181.77999877929688,175.74000549316406,180.509994506836,6116200.0,0,0.3875091934417772,0.5133771415533678,0.0991136824231943
2025-02-03,175.8699951171875,178.1999969482422,173.1300048828125,174.11000061035156,6501700.0,1,0.2002700886656214,0.6997890922541046,0.099940829463776
2025-02-04,176.22999572753906,177.4499969482422,174.25,176.89999389648438,4503600.0,1,2.1020695552209645e-05,0.9998587518930436,0.0001202249218294
2025-02-05,181.83999633789065,181.8600006103516,175.50999450683594,176.0,7430400.0,1,0.1935331159811539,0.6559374026425075,0.1505294954986311
2025-02-06,184.8000030517578,185.8500061035156,182.0,182.0,6919400.0,0,0.0586574398970696,0.5980553280489402,0.3432872520759701
2025-02-07,181.4900054931641,186.1100006103516,180.92999267578125,185.259994506836,5392300.0,0,0.5000642722225166,0.0007200053169071,0.4992156901753333
2025-02-10,180.5500030517578,183.5500030517578,179.89999389648438,183.1199951171875,3989100.0,0,0.3749322957497725,0.6229239751592104,0.002143765564142
2025-02-11,180.44000244140625,182.13999938964844,177.60000610351562,179.77999877929688,4366700.0,1,0.0,1.0,0.0
2025-02-12,186.25,186.2700042724609,178.25,178.33999633789062,7686800.0,0,2.4618357493011445e-05,0.9909428209066392,0.0090325523324281
2025-02-13,185.44000244140625,188.2400054931641,185.08999633789065,187.0,6846300.0,0,0.0,1.0,0.0
2025-02-14,184.4199981689453,186.82000732421875,183.5800018310547,186.75,5044700.0,1,0.2496992916649105,0.750065598236688,0.0002350878030483
2025-02-18,184.97000122070312,188.6600036621093,184.22000122070312,185.67999267578125,6929600.0,1,0.3722119286048837,0.6259063295092346,0.0018817628231317
2025-02-19,186.1499938964844,187.22999572753903,181.8300018310547,185.3099975585937,7264800.0,0,5.484210782923834e-05,0.5374415420810692,0.4625036076904506
2025-02-20,180.8800048828125,185.8000030517578,180.11000061035156,185.5800018310547,7863000.0,0,0.2424594328359371,0.5404123986687779,0.2171281679908036
2025-02-21,177.14999389648438,182.1999969482422,174.7100067138672,181.27999877929688,8980300.0,1,0.2176055551725648,0.6869843903966915,0.0954100580357729
2025-02-24,179.91000366210938,183.0399932861328,176.5500030517578,177.47999572753906,8392900.0,0,0.0724292225065177,0.7810124017801822,0.1465583774528827
2025-02-25,178.27000427246094,181.8800048828125,176.33999633789062,180.4499969482422,5613900.0,0,0.1444232660336471,0.7872712383411453,0.0683055020700635
2025-02-26,173.0399932861328,179.49000549316406,171.8300018310547,179.49000549316406,7111700.0,1,0.5665270496666932,0.2391822564943595,0.1942906782132922
2025-02-27,173.8300018310547,177.14999389648438,173.58999633789062,174.52000427246094,4695200.0,1,0.0,1.0,0.0
2025-02-28,174.6300048828125,176.3000030517578,173.47999572753906,174.36000061035156,5803300.0,0,0.0003892840759363,0.793796956539154,0.2058138251304626
2025-03-03,170.05999755859375,178.39999389648438,169.4600067138672,177.02000427246094,6045600.0,0,0.2677254840314162,0.3987791159343032,0.3334953688608947
2025-03-04,158.89999389648438,168.3800048828125,156.69000244140625,167.3699951171875,15870200.0,1,0.4369337676851152,0.5301591161636072,0.0329071092839209
2025-03-05,163.16000366210938,164.3300018310547,158.80999755859375,159.9600067138672,7355800.0,0,0.0663516593097786,0.8447749416033427,0.0888734313193708
2025-03-06,158.42999267578125,162.69000244140625,157.94000244140625,161.4199981689453,6892600.0,0,0.4287049011949708,0.5391407719162089,0.0321543484286621
2025-03-07,154.17999267578125,158.36000061035156,149.0500030517578,157.19000244140625,12526700.0,0,0.552136228038691,0.4364402914652601,0.0114234700491427
2025-03-10,148.14999389648438,150.38999938964844,146.3000030517578,150.02999877929688,10204000.0,1,0.2501162080467338,0.494062805990211,0.2558209772168993
2025-03-11,154.05999755859375,155.00999450683594,145.4499969482422,148.0,10030500.0,1,0.3167765857961058,0.1923103813227271,0.4909130225801164
2025-03-12,158.8000030517578,159.5399932861328,153.61000061035156,157.0,8706900.0,1,0.0978313590466306,0.8386930643867924,0.0634755895060317
2025-03-13,159.32000732421875,161.74000549316406,157.25,159.22000122070312,5701600.0,1,0.095317362149961,0.6987455066639865,0.2059371363761296
2025-03-14,161.80999755859375,162.32000732421875,159.1999969482422,160.9199981689453,5215100.0,1,0.0672736022894246,0.8282416712754639,0.1044847186752661
2025-03-17,161.85000610351562,162.77000427246094,159.6199951171875,160.5,5602700.0,0,0.122001962654383,0.4540305926039664,0.4239674487296724
2025-03-18,161.57000732421875,162.22999572753906,158.7899932861328,161.44000244140625,4195200.0,1,0.2539645732260851,0.6951131941334097,0.0509222234213666
2025-03-19,172.6199951171875,174.1999969482422,165.0,165.32000732421875,14114800.0,1,0.1237988978090606,0.6580222938532643,0.2181788102594824
2025-03-20,172.8300018310547,173.10000610351562,170.30999755859375,171.13999938964844,4934400.0,1,0.0018516456099462,0.8696207814646186,0.1285275810878374
2025-03-21,178.11000061035156,183.4600067138672,170.77000427246094,172.05999755859375,26802400.0,1,0.3231795666344768,0.4238419886625265,0.2529784434647849
2025-03-24,180.8999938964844,184.3999938964844,180.44000244140625,182.02999877929688,9986100.0,1,0.1959890268668544,0.7064493534097072,0.0975616197779938
2025-03-25,182.58999633789065,183.8500061035156,180.3600006103516,182.1600036621093,7174400.0,0,0.1217309620983233,0.7688516481927683,0.1094173932207065
2025-03-26,178.5500030517578,183.22999572753903,177.27999877929688,182.52999877929688,6615900.0,1,0.1843072316504899,0.7047126010144591,0.1109801625273196
2025-03-27,179.11000061035156,182.22000122070312,178.02999877929688,178.52999877929688,4788600.0,0,0.1698320401998693,0.722542812393519,0.10762516211365
2025-03-28,173.30999755859375,178.5,172.4499969482422,177.75,8211100.0,0,0.221986379558229,0.6048883793553159,0.1731252440657158
2025-03-31,170.5500030517578,172.2100067138672,166.7899932861328,170.64999389648438,7477500.0,0,0.2066025327951492,0.6140568688008041,0.1793405999745466
2025-04-01,168.1699981689453,170.97999572753906,164.22000122070312,170.0,8252800.0,1,0.4588326707600383,0.4555556934468067,0.085611637532807
2025-04-02,168.55999755859375,170.3800048828125,165.5500030517578,166.39999389648438,5826600.0,0,0.1861970206771528,0.7717265294772309,0.0420764471419715
2025-04-03,150.91000366210938,160.2100067138672,150.41000366210938,160.0,15877400.0,0,0.3876260032936853,0.5537840043916298,0.0585900075124992
2025-04-04,136.58999633789062,146.0,132.7899932861328,143.3000030517578,22282000.0,1,0.4328074918456253,0.4493761084781542,0.1178163981110687
2025-04-07,138.86000061035156,143.97000122070312,128.8800048828125,132.0500030517578,18825000.0,1,0.0509756760792583,0.7574581396169379,0.1915661916871613
2025-04-08,139.38999938964844,147.77000427246094,137.39999389648438,146.85000610351562,14527900.0,1,0.1286104818016155,0.6053551284690601,0.2660343896407842
2025-04-09,160.82000732421875,162.42999267578125,137.94000244140625,138.85000610351562,16775200.0,0,0.2778578142541713,0.6321568803303887,0.0899853023610798
2025-04-10,155.52000427246094,157.35000610351562,149.41000366210938,154.97999572753906,10375000.0,1,0.2260975992797646,0.3313697225351404,0.442532668819058
2025-04-11,156.83999633789062,157.58999633789062,152.0,154.6199951171875,8810700.0,1,0.3146557026116643,0.5163165174180904,0.1690277921940529
2025-04-14,159.27999877929688,162.5500030517578,157.60000610351562,159.82000732421875,7288700.0,0,0.1397655093153815,0.6137193562536944,0.246515136029237
2025-04-15,155.52000427246094,159.1199951171875,155.27999877929688,155.27999877929688,11541100.0,1,0.4032673702204427,0.4961706575909875,0.1005619636748633
2025-04-16,156.47000122070312,157.66000366210938,153.5399932861328,154.3699951171875,6809600.0,1,0.2498547637235041,0.6167070890888567,0.1334381494007629
2025-04-17,161.89999389648438,163.89999389648438,157.0,157.1300048828125,9220700.0,0,0.2808436056647179,0.6240798684269586,0.0950765279277285
2025-04-21,159.33999633789062,160.0,156.47000122070312,160.0,5703800.0,1,0.1793594454598378,0.7502321516828524,0.0704083875511653
2025-04-22,162.52000427246094,163.08999633789062,158.5,162.5,9147300.0,1,0.1544594163710362,0.7771217002678972,0.0684188815394577
2025-04-23,172.3699951171875,176.5800018310547,169.91000366210938,174.0,16264700.0,1,0.3525752389984743,0.5354776129426979,0.1119471515770281
2025-04-24,176.25999450683594,177.39999389648438,169.0,171.1999969482422,10984200.0,1,0.2588341792445704,0.4421979631254182,0.2989678562786279
2025-04-25,177.9499969482422,180.3300018310547,175.86000061035156,176.5,7644200.0,1,0.0837376883394424,0.8344360019573287,0.0818263011883857
2025-04-28,182.3000030517578,184.52999877929688,180.75,182.75,9302600.0,0,0.2064469404652806,0.543401839504519,0.2501512094655974
2025-04-29,182.0,184.25,181.1999969482422,182.5200042724609,6795000.0,1,0.1779475135960154,0.698292322430299,0.1237601497841101
2025-04-30,183.2400054931641,183.7899932861328,177.6300048828125,178.47000122070312,6266800.0,0,0.1846947659473047,0.6484313315240797,0.166873899080618
2025-05-01,182.88999938964844,184.75,182.02999877929688,182.8500061035156,7318200.0,1,0.1301716883484671,0.6982903804233225,0.1715379312660699
2025-05-02,186.69000244140625,187.5800018310547,184.10499572753903,185.0,5130537.0,0,0.1688327273607362,0.6044895303949969,0.2266777119231038
2025-05-05,186.4600067138672,187.5800018310547,184.38999938964844,184.38999938964844,5410100.0,0,0.103234804358756,0.6900828806793982,0.2066823133598063
2025-05-06,185.96,186.2,183.63,184.71,4947965.0,0,0.0266364444606722,0.8723052115196576,0.1010583385215189
2025-05-07,185.56,186.72,183.5,185.0,6098643.0,1,0.0434086294554474,0.8284264199122671,0.1281649559280424
2025-05-08,191.7,194.75,186.22,186.76,15344057.0,1,0.2361476093496734,0.5990925142507083,0.1647598658706711
2025-05-09,194.85,195.3,192.18,193.55,7669875.0,1,0.1355379466785048,0.5677540838557564,0.2967079448299262
2025-05-12,198.53,198.78,193.06,198.16,9340695.0,1,0.0005407491460902,0.8559609597220763,0.1434982731273479
2025-05-13,203.69,204.97,199.67,200.295,5296346.0,1,0.1952890482328842,0.6315988762942653,0.1731120716387408
2025-05-14,204.72,209.66,204.05,205.8,16872271.0,1,0.1593390569293226,0.7489840102022208,0.0916769050274615
2025-05-15,206.24,208.6,205.42,207.35,9583873.0,0,0.1440131240147808,0.6284497530720721,0.2275371008016051
2025-05-16,205.82,206.24,203.02,205.69,8496835.0,0,0.100216047147868,0.8317246319429614,0.0680593257906517
2025-05-19,205.25,205.6,202.3,203.0,5740193.0,1,0.12628066930789,0.4996443215827,0.3740749777547497
2025-05-20,207.67,208.62,205.0,205.0,5875970.0,0,0.2168150763331332,0.6001005261904184,0.183084361675507
2025-05-21,203.21,207.1196,202.43,206.6,6616295.0,1,0.0475861610220551,0.7615239810169427,0.1908898174359023
2025-05-22,203.41,204.73,201.85,202.53,3634495.0,0,0.0850819714724355,0.6072906204899482,0.3076273920106587
2025-05-23,202.36,203.2,198.75,199.95,5255185.0,0,0.1041697595228706,0.7787599280980607,0.1170703071555736
2025-05-27,201.03,205.0,200.88,204.28,5857940.0,0,0.2429889395335266,0.4595188154970174,0.2974922331235574
2025-05-28,201.5,202.45,200.215,201.95,5481504.0,0,0.0523538780444613,0.7845023847968249,0.1631436790917591
2025-05-29,208.18,212.28,201.5,201.775,16345993.0,0,0.1266455043101468,0.5614876102677678,0.3118668694888548
2025-05-30,207.32,207.7,204.35,206.77,7485089.0,0,0.2216598291326859,0.6244994848191885,0.1538406908766773
2025-06-02,211.47,212.3409,207.9,210.98,7561816.0,0,0.2176786820253279,0.5417805321176274,0.2405407593400923
2025-06-03,213.43,215.8,211.77,212.0,8106080.0,0,0.1855419245703564,0.6392595016236142,0.175198561699455
2025-06-04,211.98,214.99,211.03,214.77,5705277.0,0,0.2016901262488041,0.6632368468702573,0.1350730331292411
2025-06-05,209.02,212.99,208.22,212.5,4764376.0,0,0.0357736732717085,0.6752051323374937,0.2890211566985791
2025-06-06,210.8,211.11,208.04,210.24,6079682.0,0,0.0577150562171547,0.8132855948202963,0.1289993463598813
2025-06-09,217.51,218.8,211.09,211.23,9419229.0,0,0.067114338895315,0.5775618154059927,0.3553238261065985
2025-06-10,215.73,217.9005,213.2514,217.58,8190124.0,0,0.0678820881625717,0.7617587412762652,0.1703591527505546
2025-06-11,214.0,216.205,212.2101,215.5,5398772.0,0,0.1289901203422737,0.7697991829092123,0.101210678956899
2025-06-12,203.75,206.34,201.28,202.17,30586616.0,0,0.259590146425066,0.675719036747493,0.0646907926333333
2025-06-13,200.32,202.23,195.28,200.675,16093453.0,0,0.1859533583678208,0.7083902714020496,0.1056563627339891
2025-06-16,201.7,204.0,199.08,200.57,6902665.0,0,0.208964756078319,0.611214716336733,0.1798205065810966
2025-06-17,200.26,205.3099,198.87,201.31,10844631.0,0,0.1742367463312363,0.6458608171882448,0.1799024160176521
2025-06-18,197.68,201.06,196.8,199.0,7928295.0,0,0.0860578824095168,0.7334751196241232,0.1804669739711789
2025-06-20,198.75,200.675,197.45,198.66,8934730.0,0,0.23491041489474,0.5683849197885138,0.1967046697200202
2025-06-23,201.31,202.2,197.47,197.825,5875194.0,0,0.0695461160793683,0.8075276296650112,0.122926218929641
2025-06-24,200.94,203.51,200.18,203.0,5900901.0,0,0.2655339881864634,0.5972879721052209,0.1371780256399688
2025-06-25,198.9,201.125,198.3,201.0,4690927.0,0,0.1671788373466284,0.7595137524117793,0.0733073989665475
2025-06-26,202.58,204.3873,199.7587,200.41,6931728.0,0,0.1696981592872119,0.5558500141217415,0.2744518014211869
2025-06-27,214.55,214.81,204.38,205.11,14805405.0,0,0.1789452522446757,0.5622488841538476,0.2588058416070756
2025-06-30,209.53,214.71,208.02,213.88,9087110.0,0,0.1021258477340631,0.7404396357927681,0.1574345126564542
2025-07-01,209.79,211.8646,206.7696,209.5,5978892.0,0,0.092235557946464,0.849893024187113,0.057871405430178
2025-07-02,212.03,214.4,208.25,210.4,5870909.0,0,0.1028948077583388,0.6731210828484981,0.2239841043337622
2025-07-03,215.92,217.675,211.67,211.785,4476122.0,0,0.0655590327517962,0.5860913859028969,0.3483495738259989
2025-07-07,218.63,218.63,214.5,215.6,5807426.0,0,0.1695265898515441,0.6227671565864341,0.2077062559753054
2025-07-08,218.52,220.0,214.72,219.0,6769583.0,0,0.1324485626177984,0.6096480353040584,0.2579033818906125
2025-07-09,226.6,230.1999,220.01,220.115,16462270.0,0,0.1720951132199415,0.5278734200059534,0.300031448605531
2025-07-10,226.09,228.4999,223.925,226.65,6116601.0,0,0.2928544597432476,0.487189189618274,0.2199563330560147
2025-07-11,226.84,228.735,225.425,225.425,6631953.0,0,0.2702098778392106,0.6043359759337776,0.1254541336567275
2025-07-14,230.51,233.041,227.27,231.4,8750165.0,0,0.24626060803811,0.667181209536319,0.0865581721637688
2025-07-15,230.0,233.61,228.42,230.12,9156844.0,0,0.1405450902906428,0.608270287308945,0.2511846160295741
2025-07-16,229.9,233.565,227.3016,232.13,7474340.0,0,0.2176785453279634,0.6745243386264883,0.1077971027341572
2025-07-17,231.0,232.59,227.75,230.11,7892608.0,0,0.2611222596246575,0.3224508796336972,0.4164268617390586
2025-07-18,229.34,232.25,227.52,231.43,5974525.0,0,0.0597436819096777,0.648792260860921,0.2914640295194658
2025-07-21,229.32,232.5,228.02,229.4,4183298.0,0,0.1380697573001661,0.6511833068348534,0.210746922456967
2025-07-22,228.48,230.3084,225.55,228.3,4737715.0,0,0.411706328856171,0.3217954975725779,0.266498171772678
2025-07-23,233.88,235.27,229.31,230.32,7302875.0,0,0.1845223373921385,0.5824180839813209,0.2330595675193762
2025-07-24,231.27,235.23,231.05,233.91,6160163.0,0,0.1042993189588516,0.6538672963488968,0.2418333605460626
2025-07-25,233.06,233.31,228.84,232.02,4628468.0,0,0.1531881640632366,0.6353590615166922,0.2114527457268536
2025-07-28,236.41,236.63,232.91,233.24,7923759.0,0,0.2543477072007423,0.6439103047067632,0.1017419842355707
2025-07-29,226.08,242.6899,225.26,239.5,20163647.0,0,0.2539672580754654,0.5542797055220717,0.1917530110360871
2025-07-30,225.84,231.72,224.35,227.84,9354568.0,0,0.2693396112054301,0.4290505461768481,0.3016098238990162
2025-07-31,221.84,225.0,221.15,224.02,7824977.0,0,0.0328119892014408,0.4899718885260365,0.4772161067916646
2025-08-01,221.9,222.46,215.9,219.45,8572191.0,0,0.0962490882447878,0.6654514604475412,0.2382994368553437
2025-08-04,222.34,222.845,218.03,220.15,5997263.0,0,0.2191545025713734,0.6017260720964326,0.1791194013754942
2025-08-05,224.86,226.03,221.065,222.37,5687360.0,0,0.2200302895929634,0.6147981758435928,0.1651715061898357
2025-08-06,225.04,226.57,224.0448,225.7,3898823.0,0,0.1587381739299985,0.5100293194361598,0.3312324891372554
2025-08-07,227.33,230.39,224.5801,226.15,4563135.0,0,0.1042522697724166,0.6889256986531109,0.2068220338398532
2025-08-08,229.12,230.9,227.38,227.5,4724210.0,0,0.0787085541800579,0.7027127602688933,0.2185786589022357
2025-08-11,225.96,229.32,225.17,229.0,4872738.0,0,0.441448720093831,0.4228805838516223,0.1356706833480529
2025-08-12,232.61,232.61,226.46,226.95,7402161.0,0,0.2037334059038621,0.5449323126650698,0.251334260912952
2025-08-13,233.37,235.5999,229.33,233.25,6670421.0,0,0.1445135374911838,0.6223717252253209,0.233114714507792
2025-08-14,233.19,233.97,230.86,231.65,5320751.0,0,0.2108051547464128,0.476640828109339,0.3125539859902346
2025-08-15,235.26,236.45,231.4277,233.36,6291381.0,0,0.4855160085268081,0.4937134474748745,0.0207705398079269
2025-08-18,232.41,235.157,229.11,234.47,8456028.0,0,0.0018190156909672,0.7047820588692275,0.293398910688893
2025-08-19,225.0,232.4316,223.75,232.0,9061071.0,0,0.2920488439093247,0.60445490780412,0.1034962662315592
2025-08-20,225.62,226.3712,223.6001,224.49,5015978.0,0,0.0033748672027939,0.6360056265442182,0.3606194840966736
2025-08-21,224.46,227.58,223.71,227.13,6101140.0,0,0.2649941639117752,0.5970288304726568,0.1379769858357611
2025-08-22,230.12,233.7,225.24,225.41,8678400.0,0,0.1818568402514244,0.5813120309603619,0.23683109348039
2025-08-25,226.87,230.25,226.6,229.6,4757569.0,0,0.2147344427516328,0.497622294530877,0.2876432420133079
2025-08-26,234.83,234.83,227.98,228.0,7380162.0,1,0.2124820866577042,0.6437911035324551,0.1437267905765835
2025-08-27,235.62,236.34,232.4,235.36,4757422.0,1,0.1834039472016748,0.5474358746832195,0.2691601490935909
2025-08-28,236.16,237.35,234.495,235.85,4039590.0,0,0.0941239686728764,0.5669660902865872,0.3389099352349148
2025-08-29,234.68,238.05,233.17,236.13,5008622.0,0,0.0609631568744277,0.6901726929208127,0.2488641358197014
2025-09-02,237.38,238.33,230.8,231.28,6339117.0,0,0.0887323645392399,0.5640219850646645,0.3472456167892004
2025-09-03,232.38,237.06,230.7601,237.06,5998971.0,0,0.2895765743965067,0.4210763880424458,0.2893470507311201
2025-09-04,230.75,233.095,229.21,233.01,4093163.0,0,0.1250751557771909,0.5529364617060537,0.3219883648542918
2025-09-05,229.61,232.2299,225.5,231.8,8203594.0,0,0.0739887449010423,0.6740611798772339,0.2519500617988471
2025-09-08,230.95,232.2,228.09,231.7,5954965.0,0,0.0016968610318844,0.3709220852005662,0.6273810502747967
2025-09-09,229.52,232.28,228.45,231.01,5510373.0,0,0.2231701973769929,0.48535376781183,0.2914760321509675
2025-09-10,227.52,230.1,226.5852,229.6,4949531.0,0,0.1132909788995764,0.7671415328464859,0.1195674608681411
2025-09-11,219.99,229.6899,219.65,228.0,12010822.0,0,0.1570351156023149,0.6355306721990814,0.2074341991794706
2025-09-12,215.94,220.0,215.7,219.89,11094879.0,0,0.2139663075005054,0.6013992633717649,0.1846344126551871
2025-09-15,215.75,217.255,214.07,216.25,6896201.0,0,0.4715030332481547,0.4967850934626767,0.0317119092214851
2025-09-16,215.02,217.1299,213.75,216.86,6330606.0,0,0.1784307419551396,0.7160650176895917,0.1055042253422773
2025-09-17,214.63,218.05,213.13,215.59,6019533.0,1,0.2143208041399182,0.7381969547298337,0.0474822180778053
2025-09-18,215.66,217.4,213.7,215.23,6414004.0,0,0.0023551991040306,0.8300469644207624,0.1675978339859284
2025-09-19,215.65,217.73,213.6238,217.73,10513703.0,0,0.3305342198904927,0.6094576789278521,0.060008094443798
2025-09-22,211.9,215.9,211.44,215.17,1710687.0,0,0.5004914798773825,0.1577586896964931,0.3417498669587075
2025-09-23,216.34,219.82,214.01,217.12,12760881.0,0,0.2203601502440934,0.5751851222060217,0.2044547095287565
2025-09-24,215.1,218.1828,214.77,217.555,7354816.0,0,0.055050607888197,0.7400540402877434,0.2048953332450114
2025-09-25,213.53,216.855,211.98,214.87,6649306.0,1,0.1927802231943626,0.5471481010585731,0.2600716488636512
2025-09-26,221.26,224.1,219.11,223.36,17281717.0,0,0.1652205264095282,0.6381749610600309,0.1966044907004913
2025-09-29,217.08,222.81,215.12,222.365,11290583.0,0,0.0847232026617409,0.6835254139129054,0.2317513726165998
2025-09-30,215.83,217.6799,212.83,217.095,9289288.0,0,0.1254328996076967,0.7706433629809908,0.1039237160298398
2025-10-01,215.2,215.63,213.7,214.01,7177980.0,0,0.2091055225809468,0.5442789986788483,0.2466154553202224
2025-10-02,217.43,218.86,215.31,215.45,8281070.0,0,0.0665291174077111,0.5696519332690855,0.3638189356997827
2025-10-03,216.3,218.83,215.25,216.75,6634085.0,0,0.1949721605024012,0.5371509051067598,0.2678769387027462
2025-10-06,219.73,221.8,215.9,217.865,7665295.0,0,0.2303255507973323,0.4320974833970538,0.3375769553609783
2025-10-07,221.82,223.95,219.2,220.11,7610613.0,1,0.0882142000739828,0.6472702916723322,0.2645155002524181
2025-10-08,225.32,226.19,221.4703,222.73,6189701.0,0,0.0184842641442741,0.8719250193733388,0.109590698478496
2025-10-09,216.0,225.7,215.9,225.7,12974796.0,0,0.5369778773129837,0.279058402988187,0.1839636697717651
2025-10-10,210.73,217.9,210.73,217.0,10647882.0,1,0.0615858492150866,0.6242912945640454,0.3141228296163945
2025-10-13,215.56,215.8,212.06,212.09,5657285.0,0,0.1531392397050047,0.5093450450225522,0.3375156938733115
2025-10-14,214.3,217.945,212.235,213.54,5975722.0,0,0.1621868528745551,0.5458507780450913,0.2919623715888519
2025-10-15,214.0,215.93,212.48,215.035,5055634.0,0,0.1489144955692912,0.3045428297658266,0.546542648691684
2025-10-16,211.89,214.96,210.66,214.66,5555177.0,1,0.2922841901753799,0.5753153718633257,0.1324004058431379
2025-10-17,212.94,214.68,210.75,210.91,6482738.0,1,0.168773909956887,0.4345927793735719,0.3966333127184823
2025-10-20,216.82,217.38,214.56,215.13,5865087.0,1,0.1738848903641656,0.5124070966472232,0.3137080262148117
2025-10-21,217.26,217.7,215.55,217.21,4209532.0,0,0.3509292703456139,0.3175413085243704,0.3315294102310872
2025-10-22,216.59,217.4,213.8,216.68,6310337.0,1,0.2325928528845677,0.6797215551946465,0.0876856014551776
2025-10-23,217.77,219.3,216.25,216.4,5356227.0,1,0.214673759485257,0.4727369305265532,0.3125892823763934
2025-10-24,221.35,221.74,218.51,219.04,5238106.0,1,0.2118224579379912,0.5932071432772735,0.1949703933412555
2025-10-27,223.0,223.58,221.82,222.78,6084302.0,1,0.1920776224957023,0.5716670169269333,0.2362553423607865
2025-10-28,223.33,225.56,222.6,224.36,7027188.0,0,0.1706496632836996,0.5522525552095954,0.2770977780994599
2025-10-29,213.58,221.895,212.5,221.36,20940086.0,0,0.3755064161622111,0.4106240644444007,0.2138694821093567
2025-10-30,200.08,210.28,200.02,210.01,19417012.0,1,0.2452330851573986,0.5297566693427471,0.2250102476967488
2025-10-31,201.02,202.6,198.3,201.25,10696565.0,0,0.1562375919962732,0.4949644585126748,0.3487979019191698
2025-11-03,204.55,205.66,201.58,202.04,8103855.0,0,0.2669355726326416,0.4058104825490749,0.3272539384216169
2025-11-04,198.05,202.22,197.57,201.8,8619584.0,0,0.0004657061587067,0.5293193869292735,0.4702149262266175
2025-11-05,197.62,198.5092,195.31,197.75,9885668.0,0,3.256938804963028e-05,0.9826114177703856,0.0173560162527337
2025-11-06,196.5,201.27,195.45,198.1,7740505.0,0,0.048470467933377,0.6233028944995074,0.3282266445175233
2025-11-07,194.61,195.8454,191.49,195.5,7869450.0,1,0.3899429177521405,0.4235779328717404,0.1864791272679002
2025-11-10,194.81,196.44,193.19,195.89,7447353.0,1,0.2455997043542372,0.7064848347340558,0.0479154591302735
2025-11-11,195.21,196.4,194.35,194.74,5783435.0,1,0.0304592989521783,0.6773186774216811,0.2922220019548149
2025-11-12,195.5,196.66,193.8,195.75,8288337.0,0,0.118420143066474,0.7471611260969238,0.1344187114415136
2025-11-13,194.58,196.2,193.11,195.63,6739302.0,0,0.2335887248648494,0.7050507969181834,0.0613604650471238
2025-11-14,194.52,197.0251,192.15,192.88,6189760.0,0,0.1884183500979845,0.7043137951550307,0.1072678309916312
2025-11-17,191.81,194.84,190.2308,194.84,5877792.0,0,0.1822582870305241,0.623114159121159,0.1946275337336373
2025-11-18,189.63,191.155,187.85,190.0,8195765.0,0,0.0999087999652422,0.5800351123292936,0.3200560541630087
2025-11-19,185.7,189.21,183.01,189.21,12550371.0,0,0.1789860594149601,0.6755173863413195,0.1454965224953411
2025-11-20,179.38,188.1,178.42,187.74,13706380.0,1,0.3524254918252425,0.5487058881514996,0.0988685922764153
2025-11-21,179.7,181.43,176.77,180.56,10133966.0,0,0.0735881058577234,0.3768664347435617,0.5495454551160037
2025-11-24,179.12,180.31,177.3001,180.31,9385960.0,1,0.0009123657484595,0.8562422968486014,0.1428453152552151
2025-11-25,182.44,183.4788,177.5201,179.49,9676194.0,1,0.2846768905964723,0.3162212725183053,0.3991017983889833
2025-11-26,186.92,188.18,183.03,184.0,7644480.0,1,0.1255388622164524,0.5567835333933674,0.317677554696989
2025-11-28,189.0,189.75,186.91,187.87,3757048.0,0,0.0686101115118162,0.7911884626140818,0.140201438103395
2025-12-01,186.46,189.95,186.41,188.96,6763665.0,1,0.1627458262959622,0.7078905044553367,0.1293636586941728
2025-12-02,205.38,205.775,195.5101,198.3,22624038.0,0,0.3108926820781759,0.3330786187209014,0.3560286716572409
2025-12-03,202.54,205.85,197.4,204.6,14139924.0,0,0.2330692194939768,0.5785571159989331,0.18837364732851
2025-12-04,201.87,202.89,198.53,202.85,9513314.0,0,0.0479348286111457,0.7661281828106719,0.1859369703028837
2025-12-05,201.89,202.95,200.56,201.4,6857199.0,1,0.1888033148892043,0.5791999719307973,0.2319966804121678
2025-12-08,206.27,206.86,202.56,203.61,8823854.0,0,0.1714707765748312,0.609991097249154,0.2185380802480259
2025-12-09,200.37,207.1,200.02,205.35,9101870.0,0,0.1519294125938954,0.7008787350824522,0.1471918038250702
2025-12-10,198.72,201.35,198.35,200.37,15159608.0,1,0.005136501329194,0.6947511714549061,0.3001122915105724
2025-12-11,200.71,201.86,198.05,198.725,7917771.0,1,0.0982366333586014,0.897183383256197,0.0045799337382049
2025-12-12,204.38,206.1242,201.5848,202.2,7069695.0,1,0.2175534745399119,0.7760038354188308,0.0064426869431978
2025-12-15,205.5,206.63,203.17,204.38,6721568.0,1,0.0845451216296168,0.6696476682047887,0.24580719226257
2025-12-16,206.71,208.65,204.39,205.0,6120247.0,0,0.2020966083908206,0.3054424503619884,0.4924609524929109
2025-12-17,206.33,210.66,205.82,206.775,7301074.0,1,0.0812425271117613,0.870439199032262,0.0483182334446609
2025-12-18,208.27,210.55,207.66,207.99,5652149.0,1,0.0769756466338218,0.8717872106724165,0.0512371067656183
2025-12-19,214.08,215.975,209.265,209.76,14793697.0,1,0.1798678057176697,0.6191585098673993,0.2009736695247947
2025-12-22,216.84,217.15,214.22,215.34,5458894.0,1,0.000373865607635,0.9959426373243332,0.0036834062302659
2025-12-23,216.85,217.56,215.32,216.9,4496293.0,1,0.3147902854675196,0.5704671278969423,0.1147426197682458
2025-12-24,218.16,219.27,216.19,217.0,2943466.0,0,0.2075481561340983,0.5287088444227784,0.263743015683352
2025-12-26,216.44,218.67,216.14,218.05,2801514.0,1,0.208591066233494,0.6498151980961417,0.1415937151733818
2025-12-29,217.25,218.14,215.1066,215.9,5291972.0,1,0.0020297743433843,0.4012859850408858,0.5966842413472477
2025-12-30,218.49,221.88,218.4,219.14,5653521.0,0,0.229239890345656,0.6220918125999741,0.1486682733860288
2025-12-31,217.12,219.315,216.14,218.93,5563028.0,0,0.0045380706712165,0.8620946889152816,0.1333672175193376
2026-01-02,227.77,227.77,215.24,218.15,11261006.0,0,0.064217549690181,0.7485403791203378,0.1872420635941125
2026-01-05,228.13,230.9599,227.5,228.79,8278835.0,0,0.0660938582875534,0.5346785935183334,0.3992275053434695
2026-01-06,229.84,231.64,228.6,229.225,6714333.0,0,0.0555420068594429,0.9409196972846984,0.0035382768627641
2026-01-07,228.12,233.57,227.3111,232.15,9693055.0,0,0.190457900801264,0.7062898228512925,0.1032522671895194
2026-01-08,227.38,233.11,225.1,231.79,7126824.0,1,0.1907402231959301,0.5658305900105581,0.2434291623669517
2026-01-09,234.53,235.135,228.3,228.34,8621614.0,1,0.0901549903333381,0.6725356958566828,0.2373093157598304
2026-01-12,239.81,239.95,234.0,234.29,7893957.0,1,0.0730449218000189,0.6648072244318948,0.2621478106983333
2026-01-13,244.55,247.3999,240.1,241.12,11460515.0,0,0.1761355529424849,0.5048399443878964,0.3190244897988817
2026-01-14,242.61,244.885,239.6,244.44,7748606.0,1,0.1621103718996748,0.5218469277608051,0.3160426971608008
2026-01-15,247.74,248.7497,243.9657,244.38,6517157.0,0,0.1434342393956643,0.5532280949333653,0.3033376429764303
2026-01-16,247.68,248.19,244.96,247.75,5944233.0,1,0.0038275045966825,0.6553915763894718,0.3407809385322479
2026-01-20,249.0,249.52,243.7004,244.4,11293182.0,1,0.114323529653987,0.3895885761421134,0.4960878782123927
2026-01-21,250.07,251.31,244.68,248.89,8160650.0,1,0.256738028801644,0.5095147453798935,0.2337472118814719
2026-01-22,251.41,254.14,249.78,252.0,9742580.0,1,0.1105870001084506,0.6360823232044757,0.2533306545071506
2026-01-23,252.15,253.77,249.02,252.74,7078683.0,0,0.1819553948582163,0.5976371711978743,0.2204074177903834
2026-01-26,248.43,251.59,247.405,251.49,8469160.0,0,0.239557494222706,0.5395145855016099,0.2209278996733018
2026-01-27,244.56,254.3499,238.75,242.5,20509203.0,0,0.2320118927473785,0.5223155618421897,0.2456725235035244
2026-01-28,241.59,245.86,237.1,244.09,9999181.0,0,0.2635572746643086,0.4190718966276243,0.3173708049691299
2026-01-29,234.04,243.7699,233.35,242.075,9142526.0,0,0.2119822478632708,0.4816393626488539,0.3063783765580107
2026-01-30,233.72,234.65,229.94,233.5,6916107.0,0,0.075055540618905,0.7461713801345695,0.1787730376516567
2026-02-02,233.02,236.29,230.33,232.64,6105284.0,0,0.0880431471531664,0.4626744262660281,0.449282402866811
2026-02-03,233.15,238.85,228.96,236.42,7655243.0,0,0.120080993371855,0.6682068668584407,0.2117121424882952
2026-02-04,235.95,236.57,229.91,233.24,7053394.0,0,0.1121696346949331,0.7797057009194077,0.1081246727752613
2026-02-05,236.95,240.3292,232.6,234.11,7377317.0,0,0.0824102834567341,0.519173916373532,0.3984157835503538
2026-02-06,243.03,246.3,239.4,239.4,6701183.0,1,0.0648917333731411,0.6693528663145685,0.2657553667073671
2026-02-09,244.71,245.84,240.5,242.0,4707198.0,0,0.217873210804143,0.4954215762825697,0.2867052093954498
2026-02-10,242.59,247.86,240.86,245.0,5184355.0,0,0.1267792644604384,0.4517417065370583,0.421479013991302
2026-02-11,236.29,244.7,235.5,244.48,5791019.0,1,0.1807031665758369,0.6174680248938103,0.2018287798350684
2026-02-12,239.35,245.67,235.9675,239.26,6980769.0,1,0.1668242346797519,0.6618195716813385,0.1713561730184147
2026-02-13,242.96,246.51,240.72,241.24,6835444.0,1,0.0039520113668582,0.3334797001966004,0.6625682810545186
2026-02-17,244.04,245.42,238.93,243.61,4864738.0,0,0.1541841017423491,0.6238212749989802,0.2219945939442758
2026-02-18,238.93,245.08,238.6,244.55,4922987.0,0,0.0287576716962495,0.8550101426177813,0.1162321704671758
2026-02-19,233.71,240.0,233.42,238.91,5827523.0,0,0.2905531073920185,0.5602747565964071,0.1491721341286809
2026-02-20,232.03,236.08,231.14,232.63,5460857.0,0,0.1997978642777127,0.7210125544301553,0.0791895376680919
2026-02-23,230.44,233.5,227.455,231.5,5380030.0,1,0.1055958740928797,0.5466607180563188,0.347743398151789
2026-02-24,233.39,236.13,228.3901,229.27,4408870.0,0,0.0012514001798209,0.8408199015482751,0.157928663722032
2026-02-25,230.36,234.16,229.185,234.1,4442585.0,0,0.0464561798977603,0.6622874841048372,0.291256297710983
2026-02-26,229.41,230.655,225.67,230.375,4613296.0,0,0.0822888679059643,0.6894927566747417,0.2282183720602201
2026-02-27,227.53,228.8,224.91,227.47,6278091.0,0,0.0443157315458549,0.8001348978313331,0.155549356679027
2026-03-02,229.74,230.23,223.62,226.0,4708971.0,0,0.185876273980603,0.6776549070905731,0.1364687908411951
2026-03-03,224.12,226.5,221.11,225.75,6211644.0,0,0.2939906761963555,0.5461483710282664,0.1598609403477894
2026-03-04,227.31,227.53,221.79,226.38,5068718.0,0,0.0667581852709986,0.5636495847305316,0.369592204865512
2026-03-05,222.06,227.681,218.13,226.12,7199285.0,0,0.183409068609226,0.6983224526492411,0.1182684525176682
2026-03-06,231.11,231.96,218.64,219.475,10684694.0,0,0.201780340046184,0.7107992069192293,0.0874204399375912
2026-03-09,225.0,227.59,220.4463,226.75,8400123.0,0,0.2864678380771615,0.4619556706607914,0.2515764630370256
2026-03-10,217.76,226.11,217.03,224.1,9285330.0,0,0.1859160420708744,0.6526119793056709,0.1614719608090971
2026-03-11,214.1,217.94,213.53,217.94,7937357.0,0,0.1540411153289206,0.7187284811974577,0.1272303948602358
2026-03-12,204.76,212.6082,204.3,212.21,10758604.0,1,0.3891971467007076,0.5002100771986685,0.1105927492659096
2026-03-13,209.89,210.84,204.9154,205.0,8926573.0,1,0.1213372162170309,0.7725676340898924,0.106095127266179
2026-03-16,213.47,216.15,210.75,210.75,7347110.0,0,0.2628572854821562,0.5619605032957224,0.1751821875856917
2026-03-17,210.82,217.15,206.67,214.68,7308124.0,0,0.1178476238989816,0.6692417033305353,0.2129106499042501
2026-03-18,205.99,210.5,205.75,209.0,5881862.0,0,0.1435325981590983,0.7490731276282951,0.1073942608775268
2026-03-19,201.18,203.05,197.46,203.05,9967614.0,0,0.1295554685225113,0.8206736051441414,0.0497708981822748
2026-03-20,195.12,201.99,192.54,201.05,12925359.0,1,0.1647979994576595,0.7334995718106906,0.1017023968514487
2026-03-23,198.41,201.6899,197.19,198.91,6247902.0,0,0.1327990233915475,0.7165591333512762,0.150641822254881
2026-03-24,196.42,197.62,194.3601,196.11,5691834.0,1,0.0371126998370756,0.7084332266648192,0.2544540788169017
2026-03-25,199.61,200.745,198.0,198.19,5055934.0,0,0.1075918507778671,0.6440706420384279,0.2483374869383623
2026-03-26,194.36,198.2389,194.27,197.3,5772621.0,0,0.138406045016366,0.6840858155659671,0.1775081344572361
2026-03-27,190.52,193.639,189.28,192.925,6000068.0,0,0.1677173902943446,0.6737887906504814,0.1584938050112516
2026-03-30,189.21,192.4999,187.72,191.48,6606118.0,1,0.1671215045423579,0.6525236784362392,0.1803547994815062
2026-03-31,199.03,199.33,190.35,191.13,9668311.0,0,0.1287942558938292,0.731210774470093,0.1399949484108359
2026-04-01,207.32,210.28,203.5,203.5,9664532.0,0,0.1568551097872605,0.6716644389242277,0.1714804289076103
2026-04-02,208.22,208.78,202.3,203.0,6698574.0,0,0.1495778028644508,0.690398114618437,0.1600240391153963
2026-04-06,212.3,212.4,207.37,207.37,4172271.0,0,0.1571148725403343,0.7783603201963929,0.0645247884071627
2026-04-07,210.0,211.9899,206.92,211.01,4084754.0,0,0.0566986655326289,0.6959772581271864,0.2473240617911061
2026-04-08,217.8,220.85,216.0001,218.935,6267155.0,1,0.1586289528342495,0.7461397665208226,0.0952312549785087
2026-04-09,220.06,221.29,216.0,216.0,4768685.0,0,0.3803761933738295,0.5298181965332939,0.0898056422565786
2026-04-10,217.63,220.37,216.66,220.17,4829021.0,1,0.0109886042740896,0.6759758472882519,0.3130355238692269
2026-04-13,222.14,222.21,215.46,216.25,4136876.0,1,0.0966446214177518,0.7557551889450141,0.1476001913687551
2026-04-14,223.77,225.1,221.3201,221.69,4820884.0,1,0.1662273867080889,0.5958101043875723,0.2379624981059268
2026-04-15,223.93,224.72,221.645,224.18,4397655.0,0,0.1531850978156967,0.6336690768745938,0.213145807516048
2026-04-16,218.88,225.1,215.4,225.0,7089589.0,1,0.1851077298454858,0.4718824729237528,0.3430097767129115
2026-04-17,223.38,230.24,222.5,223.07,8874871.0,1,0.1225645920835839,0.7108165742578876,0.1666188240770861
2026-04-20,225.08,225.37,220.3521,222.23,5014519.0,0,0.1168029866527307,0.7658355468859458,0.1173614379268165
2026-04-21,219.16,225.66,218.9,223.29,7566292.0,1,0.1298838567966829,0.6064893426622116,0.2636267936920417
2026-04-22,231.28,232.6,221.22,227.05,15779514.0,1,0.2010653794591576,0.5596614761641306,0.2392731169846386
2026-04-23,234.15,235.91,228.77,231.51,8087561.0,0,0.2163792611055532,0.4875121061540543,0.2961086046930143
2026-04-24,232.44,236.45,232.065,234.99,5732696.0,0,0.141429155679493,0.7517422074130877,0.1068286134959862
2026-04-27,231.33,235.45,229.39,233.0,4402564.0,0,0.0271773313135914,0.5700495117501254,0.4027731382210923
2026-04-28,230.78,231.33,227.07,231.05,3807811.0,0,0.2438872340712492,0.6214163709159038,0.1346963699034858
2026-04-29,224.11,230.255,221.15,230.22,6377690.0,1,0.034968854457338,0.482923223937623,0.4821078929884506
2026-04-30,229.03,229.55,224.612027,225.9,4841260.0,0,0.1784030528368825,0.5876560656368053,0.233940866116761
2026-05-01,227.38,231.51,227.26,230.4,3494200.0,0,0.0114343170862411,0.7403841502964497,0.248181581031531
2026-05-04,221.3,227.87,221.04,226.49,4860877.0,0,0.1125184891830267,0.7374184552657728,0.1500630455705807
2026-05-05,224.38,225.56,221.74,223.1,3852073.0,1,0.1014853622420204,0.5607408611985734,0.3377737559394972
2026-05-06,230.84,231.94,229.29,230.93,297875.0,0,0.4740071471860574,0.5218831883976235,0.0041096700879279
2026-05-07,231.33,232.14,230.75,231.45,80617.0,0,9.3132760371842e-05,0.7005080583082114,0.2993988137536689
2026-05-08,237.36,238.535,231.75,233.8,7525266.0,1,0.2034070533900582,0.507580847900158,0.2890120486937038
2026-05-11,238.21,241.21,236.52,239.44,6267001.0,0,0.1608357323979608,0.7204294323538798,0.1187348095066665
2026-05-12,236.87,239.02,231.11,239.0,7041013.0,1,0.0771726706321696,0.7555414153215199,0.1672858979042548
2026-05-13,240.6,242.27,234.4,237.23,7438701.0,0,0.043032238519016,0.8797000434574005,0.0772676755499617
2026-05-14,229.21,244.07,227.5,243.52,17761089.0,0,0.2113051618295308,0.6566036709504259,0.1320911508427835
2026-05-15,220.49,226.85,220.45,226.845,9479889.0,1,0.1984551966661813,0.7015691812444402,0.0999755985709111
2026-05-18,220.61,221.17,216.79,220.48,6568249.0,0,0.2341178321544623,0.6306193500887882,0.1352628104552308
2026-05-19,215.01,220.05,214.0,218.84,5355349.0,1,0.2632763033163366,0.5237392160059823,0.2129844532743267
2026-05-20,222.2,223.02,216.5,216.8,7708546.0,0,0.1423108756025912,0.6791820270112194,0.1785070706315284
2026-05-21,219.61,221.17,215.72,219.39,6412808.0,0,0.1150260361515971,0.808844407277655,0.0761295311415204
2026-05-22,219.02,221.11,217.165,220.85,4647101.0,0,0.2270529361715043,0.7645860480130068,0.0083610009567337
2026-05-26,218.9,222.41,217.91,221.3,5914621.0,1,0.0635427229921958,0.669756893528944,0.2667003856493465
2026-05-27,224.3,226.9,220.6975,221.5,11055750.0,1,0.1012388140858096,0.703555368295911,0.1952057737397894
2026-05-28,228.78,229.91,222.845,224.0,6526388.0,1,0.09568700619812,0.6889357672555351,0.2153772238489449
2026-05-29,231.15,232.3,226.25,228.44,6941936.0,0,0.0679226311715499,0.7429643164268782,0.1891130327615542
2026-06-01,224.5,228.8,222.21,228.36,3846530.0,0,0.3985213163581648,0.588864350140193,0.0126143207451604
2026-06-02,217.03,224.69,216.75,222.52,2417560.0,0,0.1660708357139147,0.7457078870930711,0.0882212621126351
2026-06-03,214.06,216.35,213.89,216.1,2055773.0,0,0.2951596939330557,0.3082273922456806,0.3966128834312257
2026-06-04,216.12,216.89,212.8,213.0,1481844.0,0,0.1837586953714662,0.7895924001932144,0.0266489217174239
2026-06-05,215.76,217.63,214.57,216.58,522184.0,0,0.1512273452171939,0.7706279121339321,0.0781447090994333
